https://www.youtube.com/watch?v=adnbZooM4WQ,Tiên
https://www.youtube.com/watch?v=qzJvq9A7AHg,Tiên
https://www.youtube.com/watch?v=5kjglHVyqc0,Tiên
https://youtu.be/qhanxrVLepQ?si=7BEN88hTdwuY61C7,Hưng
https://youtu.be/-FQYUjrTcBA?si=mqstcg4qbB_5MysA,Hưng
https://youtu.be/2Yr3sKPi8mM?si=Y1eExJoOSw4bLGsc,Hưng
https://www.youtube.com/watch?v=rhTZTy1rZhw,Dũng
https://www.youtube.com/watch?v=Y1MpPe6raeU,Dũng
https://www.youtube.com/watch?v=LKqgY0VKZX4,Dũng
https://www.youtube.com/watch?v=5u3RGhznctE,Dương
https://www.youtube.com/watch?v=NkbjpZMFYCk,Dương
https://www.youtube.com/watch?v=a1HL26K1nL0,Dương
https://www.youtube.com/watch?v=qDE4pm6yiHM,Đu
https://www.youtube.com/watch?v=lOGwN-W1fpM,Đu
https://youtu.be/mzqvF_rIOx8?si=P4lMm2VlirboUR-R,Đu
https://www.youtube.com/watch?v=FnpJBkAMk44,Thành
https://www.youtube.com/watch?v=ZNra8eK0K6k,Thành
https://www.youtube.com/watch?v=rjkfdiShK-k,Thành
https://www.youtube.com/watch?v=jckkWvsECws,Đạt
https://www.youtube.com/watch?v=mw5VIEIvuMI,Đạt
https://www.youtube.com/watch?v=0VC6euBtKkk,Đạt